position,bucket,n,mean_residual_pct,median_residual_pct,mean_residual_points,mean_actual_fp,mean_expected_fp,weather_mean,weather_variable
DST,<10,2519,0.05393895103116817,-0.15015106814559875,-0.1699968095108575,5.100833664152441,5.270830473663299,5.965829694323144,wind_speed_mph_avg
DST,10-14.9,774,0.18649071465303851,-0.022019448931759424,0.45306812421932097,5.749354005167959,5.296285880948638,11.968120155038761,wind_speed_mph_avg
DST,15-19.9,220,0.08940005816347762,-0.0916098429830738,0.0152875022778375,5.377272727272727,5.36198522499489,16.999545454545455,wind_speed_mph_avg
DST,20-24.9,36,0.36595441308573085,-0.1168733653749936,1.3604053744082472,6.0,4.639594625591752,21.36111111111111,wind_speed_mph_avg
DST,25+,7,-0.0046966512289875985,-0.2444947599518952,-0.6202576728130443,5.0,5.620257672813045,27.32857142857143,wind_speed_mph_avg
K,<10,2573,0.07327146152173758,-0.025792941446105815,0.16338974792674937,8.032646715895842,7.8692569679690925,5.971006607073455,wind_speed_mph_avg
K,10-14.9,778,0.02143878713890994,-0.06934900273412647,-0.30966677979393353,7.451156812339332,7.760823592133265,11.967480719794345,wind_speed_mph_avg
K,15-19.9,222,-0.025751171829473778,-0.11598486670591926,-0.6512341696968276,7.324324324324325,7.9755584940211515,16.989864864864863,wind_speed_mph_avg
K,20-24.9,35,-0.15451119966219842,-0.35234187758336577,-1.6166565876436807,6.2,7.81665658764368,21.392857142857142,wind_speed_mph_avg
K,25+,8,-0.3415042024252718,-0.2549580452712874,-2.3430394620875483,4.75,7.093039462087548,27.525,wind_speed_mph_avg
QB,<10,2573,0.056068963414104604,-3.161388167055072e-06,0.32531459801892165,16.75141857753595,16.42610397951703,5.976272833268558,wind_speed_mph_avg
QB,10-14.9,784,-0.011893036795841017,-0.0564607065831898,-0.7193698234610475,15.415535714285715,16.13490553774676,11.96938775510204,wind_speed_mph_avg
QB,15-19.9,222,-0.01326965943547013,-0.060004744889138276,-0.688564582989854,15.523243243243243,16.2118078262331,16.989864864864863,wind_speed_mph_avg
QB,20-24.9,36,-0.27581473111335764,-0.2707658882340725,-4.977723739260518,12.604444444444445,17.58216818370496,21.36111111111111,wind_speed_mph_avg
QB,25+,8,-0.4031544973940048,-0.335662268011643,-6.658169312505737,10.605,17.263169312505738,27.525,wind_speed_mph_avg
RB,<10,2577,0.025786967200691582,-0.05229223929665549,-0.030043541801723653,22.457283663174234,22.48732720497596,5.973156771439659,wind_speed_mph_avg
RB,10-14.9,785,0.025700701948804566,-0.0487903546887447,-0.1185100971071081,22.625503184713377,22.744013281820486,11.967547770700637,wind_speed_mph_avg
RB,15-19.9,222,0.07305232586072342,-0.00978441271505706,0.6177514125873179,22.914144144144146,22.29639273155683,16.989864864864863,wind_speed_mph_avg
RB,20-24.9,36,-0.1047420802376207,-0.23276161953647762,-2.7691112022538986,21.647222222222226,24.41633342447612,21.36111111111111,wind_speed_mph_avg
RB,25+,8,0.07067666757422342,-0.08080446079978724,1.2904262064413543,22.2875,20.997073793558645,27.525,wind_speed_mph_avg
TE,<10,2569,0.10003738510264082,-0.06165194606561066,0.30801073154534264,12.762444530945894,12.454433799400551,5.977481510315298,wind_speed_mph_avg
TE,10-14.9,779,0.05276516009931466,-0.10052555433357138,-0.3436769344484043,11.643697047496792,11.987373981945197,11.966752246469834,wind_speed_mph_avg
TE,15-19.9,222,-0.11145775443132987,-0.18209746136106675,-1.607111737612444,11.19963963963964,12.806751377252084,16.989864864864863,wind_speed_mph_avg
TE,20-24.9,36,-0.20976896681756163,-0.2917624407149597,-3.286799134184704,9.588888888888889,12.875688023073593,21.36111111111111,wind_speed_mph_avg
TE,25+,8,-0.3662006715257237,-0.23864007016344918,-5.5362428855673524,9.1625,14.698742885567352,27.525,wind_speed_mph_avg
WR,<10,2577,0.044026257094715304,-0.009011353275044673,0.5503991015528807,33.55745440434614,33.00705530279326,5.973156771439659,wind_speed_mph_avg
WR,10-14.9,785,-0.03974552793794121,-0.08539544929117332,-2.0540980623702834,30.64168152866242,32.695779591032704,11.967547770700637,wind_speed_mph_avg
WR,15-19.9,222,-0.03156011001279504,-0.09305197971562276,-1.3921896008750283,31.064954954954956,32.457144555829984,16.989864864864863,wind_speed_mph_avg
WR,20-24.9,36,-0.12558430161438683,-0.18420793385442324,-5.495171709008044,26.794444444444444,32.28961615345249,21.36111111111111,wind_speed_mph_avg
WR,25+,8,-0.46139228832556056,-0.40539689977417437,-14.612531532511827,17.4375,32.05003153251183,27.525,wind_speed_mph_avg
DST,<15,1157,0.05537294105679924,-0.17171546473015065,-0.16916864492449868,5.076058772687986,5.245227417612485,11.191789109766637,wind_gust_mph_max
DST,15-24.9,1650,0.07623676394441961,-0.11227768300112526,-0.07197021229232063,5.225454545454546,5.2974247577468665,19.498969696969695,wind_gust_mph_max
DST,25-34.9,589,0.2103914392647403,0.0055544323088077,0.5931061519082389,5.899830220713073,5.306724068804834,28.756876061120543,wind_gust_mph_max
DST,35-44.9,135,0.01385622182651115,-0.23362688376004684,-0.29266777729429994,4.881481481481481,5.174149258775782,38.69481481481482,wind_gust_mph_max
DST,45+,25,-0.10491100348428778,-0.1749265009843909,-0.9960638328485578,4.16,5.156063832848559,51.092,wind_gust_mph_max
K,<15,1172,0.08240102051695233,-0.0104000207107647,0.24976815139219197,8.09470989761092,7.84494174621873,11.185494880546075,wind_gust_mph_max
K,15-24.9,1685,0.05742323131567252,-0.0524271089308969,0.011995809839365415,7.9091988130563795,7.897203003217014,19.482314540059345,wind_gust_mph_max
K,25-34.9,597,0.01529027239681986,-0.05669330389205038,-0.3343134836921841,7.385259631490787,7.719573115182972,28.748408710217753,wind_gust_mph_max
K,35-44.9,136,-0.03025761153465639,-0.14347156422824187,-0.7089401154872526,7.220588235294118,7.92952835078137,38.70661764705883,wind_gust_mph_max
K,45+,26,-0.2690475818916963,-0.3113151828436254,-2.2061701054445555,5.423076923076923,7.629247028521478,51.138461538461534,wind_gust_mph_max
QB,<15,1171,0.061399500612927004,-0.006814395534366014,0.4120162896919236,16.97139197267293,16.559375682981006,11.189069171648164,wind_gust_mph_max
QB,15-24.9,1689,0.039012791129939675,-0.0045052273959334576,0.08750423793104552,16.28740082889284,16.199896590961792,19.48656009473061,wind_gust_mph_max
QB,25-34.9,600,-0.0175195554919667,-0.07629632717583523,-0.8994230769521596,15.379566666666665,16.278989743618826,28.753333333333334,wind_gust_mph_max
QB,35-44.9,137,-0.03127216721493589,-0.09520652656330436,-0.9219545242389149,15.994306569343067,16.91626109358198,38.72116788321168,wind_gust_mph_max
QB,45+,26,-0.15978953499749624,-0.25402415570592773,-2.94539786656536,14.233076923076924,17.178474789642284,51.138461538461534,wind_gust_mph_max
RB,<15,1173,0.020839948518250356,-0.06059526554452531,-0.11237056056340201,22.20653026427963,22.31890082484303,11.187553282182439,wind_gust_mph_max
RB,15-24.9,1692,0.02674590470084064,-0.04733234660972656,-0.02683358604871437,22.68719858156028,22.714032167609,19.48676122931442,wind_gust_mph_max
RB,25-34.9,600,0.027089334078871024,-0.0514322117218984,-0.16177733252985388,22.438133333333337,22.599910665863188,28.753333333333334,wind_gust_mph_max
RB,35-44.9,137,0.09605159257197511,0.019968558062476938,0.9663711285430366,23.033576642335767,22.06720551379273,38.72116788321168,wind_gust_mph_max
RB,45+,26,0.020322357834638875,-0.053149659682809665,0.738855252133267,24.01923076923077,23.280375517097504,51.138461538461534,wind_gust_mph_max
TE,<15,1168,0.13011075007096934,-0.058982649480569624,0.6790210801250032,13.198886986301371,12.519865906176367,11.193065068493151,wind_gust_mph_max
TE,15-24.9,1684,0.06904779609395272,-0.061189677327596906,-0.0646333082909259,12.255914489311163,12.32054779760209,19.48064133016627,wind_gust_mph_max
TE,25-34.9,599,0.03489716125131771,-0.1218296391856231,-0.4904456068013808,11.60821368948247,12.098659296283852,28.75726210350584,wind_gust_mph_max
TE,35-44.9,137,-0.14849540985590107,-0.2988974567117092,-2.350408553045408,10.762773722627736,13.113182275673145,38.72116788321168,wind_gust_mph_max
TE,45+,26,-0.2280838753743176,-0.39750653908374317,-2.4734430939734207,10.726923076923079,13.2003661708965,51.138461538461534,wind_gust_mph_max
WR,<15,1173,0.04912396106316453,-0.0009290944778002491,0.6652396589030328,33.89696504688832,33.23172538798529,11.187553282182439,wind_gust_mph_max
WR,15-24.9,1692,0.023375510079078208,-0.030088055858978224,-0.006781190883299073,32.65457446808511,32.661355658968404,19.48676122931442,wind_gust_mph_max
WR,25-34.9,600,-0.03010273163801985,-0.09122812866201735,-1.8419548952683769,30.981333333333332,32.82328822860171,28.753333333333334,wind_gust_mph_max
WR,35-44.9,137,-0.04955193137254529,-0.11231585859304541,-2.248720339152586,30.942043795620442,33.190764134773026,38.72116788321168,wind_gust_mph_max
WR,45+,26,-0.20333108791565851,-0.2924380732010695,-6.672528489666309,26.586923076923078,33.25945156658939,51.138461538461534,wind_gust_mph_max
DST,<20,56,0.3972053537360124,0.010525297345273967,1.2625247041622143,6.464285714285714,5.2017610101235,13.921428571428573,temperature_f_avg
DST,20-32,195,0.09285929656102687,-0.05303885158535269,0.016529416211389415,5.2615384615384615,5.245009045327072,28.439615384615387,temperature_f_avg
DST,33-45,682,0.0723653368741964,-0.10690529664837861,-0.014606697388080625,5.271260997067449,5.285867694455529,39.838269794721406,temperature_f_avg
DST,46-55,654,0.060162573768250016,-0.1326415747890521,-0.22702708955707987,5.192660550458716,5.419687640015796,51.270030581039755,temperature_f_avg
DST,56-85,1865,0.08992513200404983,-0.12444420318089283,0.01957509036549195,5.238605898123325,5.219030807757832,69.92918230563002,temperature_f_avg
DST,86+,104,0.15639047190966915,-0.16343900552054696,0.17744352231815472,5.615384615384615,5.437941093066461,88.79639423076924,temperature_f_avg
K,<20,56,-0.10351657366910981,-0.10983431790428545,-1.3551470360303435,6.589285714285714,7.944432750316058,13.921428571428573,temperature_f_avg
K,20-32,196,-0.015415764510026277,-0.11484463370227913,-0.4916996922271305,7.219387755102041,7.711087447329172,28.391198979591838,temperature_f_avg
K,33-45,690,0.00019612468217504247,-0.08773975713393818,-0.3643914668432183,7.518840579710145,7.883232046553363,39.83050724637681,temperature_f_avg
K,46-55,665,0.02188605028433543,-0.06264071407295166,-0.15622566837319635,7.762406015037594,7.91863168341079,51.290488721804515,temperature_f_avg
K,56-85,1906,0.09288864456291189,-0.021134507305951088,0.23110639455098014,8.056663168940188,7.8255567743892085,69.89112014690451,temperature_f_avg
K,86+,103,0.08187643784972658,0.07488674292302423,0.4531315734851052,8.310679611650485,7.857548038165381,88.8381067961165,temperature_f_avg
QB,<20,56,-0.16408306024269548,-0.22559434715758703,-3.8138033021398607,12.772499999999999,16.58630330213986,13.921428571428573,temperature_f_avg
QB,20-32,198,-0.06671847333658121,-0.09778227925432237,-1.533456899137565,15.622626262626264,17.156083161763828,28.386616161616164,temperature_f_avg
QB,33-45,688,0.0022356248294139592,-0.04850531912679315,-0.5304666829995932,15.918226744186047,16.448693427185642,39.84375,temperature_f_avg
QB,46-55,663,0.00910805149371297,-0.0520196801958643,-0.3875394085309269,16.08708898944193,16.474628397972857,51.303393665158374,temperature_f_avg
QB,56-85,1913,0.06403652826913779,0.006713676067704547,0.4713571970785019,16.7099006795609,16.2385434824824,69.89924202822792,temperature_f_avg
QB,86+,105,0.10629670300047082,0.028361619299237292,1.1915677263778353,16.951238095238097,15.75967036886026,88.8195238095238,temperature_f_avg
RB,<20,56,-0.07062952183418626,-0.1075713883464981,-2.041714384527894,21.291071428571428,23.332785813099324,13.921428571428573,temperature_f_avg
RB,20-32,198,0.0010045147254410488,-0.04297474060525037,-0.21904878987493967,22.683131313131316,22.902180103006252,28.386616161616164,temperature_f_avg
RB,33-45,690,0.04896999521008126,-0.016549412485334918,0.446666930454855,22.981333333333335,22.53466640287848,39.83050724637681,temperature_f_avg
RB,46-55,665,0.016583416884092254,-0.06203928018492505,-0.264306770595025,22.28493233082707,22.549239101422092,51.290488721804515,temperature_f_avg
RB,56-85,1914,0.02832729581873859,-0.055905218600374194,-0.06767061374378713,22.467492163009403,22.535162776753193,69.89962121212122,temperature_f_avg
RB,86+,105,0.041533585583313014,-0.05685308822246398,0.3058726436086069,22.048,21.742127356391393,88.8195238095238,temperature_f_avg
TE,<20,56,-0.0035495237688786116,-0.295309177394115,-1.3029558915440929,11.314285714285715,12.617241605829808,13.921428571428573,temperature_f_avg
TE,20-32,196,-0.040315035214013376,-0.19971516685569904,-1.2760216383736052,11.483673469387757,12.759695107761361,28.432780612244898,temperature_f_avg
TE,33-45,687,0.060853240786128956,-0.11269082070669888,-0.19541244733795615,12.30439592430859,12.499808371646544,39.83526200873362,temperature_f_avg
TE,46-55,664,0.04626694485258816,-0.08126942152915165,-0.07278788739346215,12.47039156626506,12.543179453658523,51.28418674698795,temperature_f_avg
TE,56-85,1907,0.09940749317740406,-0.05550734896922336,0.2892068285512223,12.581814368117461,12.292607539566239,69.90690875721027,temperature_f_avg
TE,86+,104,0.08536726275156038,-0.07980912676342547,-0.401061756822334,11.063461538461537,11.464523295283872,88.83629807692309,temperature_f_avg
WR,<20,56,-0.048576703463695914,-0.12858881475082268,-2.676107613274685,28.830357142857142,31.50646475613183,13.921428571428573,temperature_f_avg
WR,20-32,198,-0.051012398079972654,-0.07559474796985192,-1.9209700476404197,30.610404040404042,32.53137408804446,28.386616161616164,temperature_f_avg
WR,33-45,690,-0.027344899059023306,-0.06955393871189477,-1.7553987926486976,30.75408695652174,32.50948574917044,39.83050724637681,temperature_f_avg
WR,46-55,665,0.006822547208398524,-0.03726665972846138,-0.4696217098746715,32.34995488721805,32.81957659709272,51.290488721804515,temperature_f_avg
WR,56-85,1914,0.0444901430669292,-0.014163904481395817,0.5511943378489345,33.6403657262278,33.08917138837886,69.89962121212122,temperature_f_avg
WR,86+,105,0.08604295576261638,-0.014159437628985633,1.7225782637147014,35.578476190476195,33.855897926761486,88.8195238095238,temperature_f_avg
DST,none/trace,2807,0.07219086601446789,-0.13607135858469752,-0.11213326243301533,5.149625935162095,5.261759197595111,0.0010242251514071964,rain_mm_h_avg
DST,light,497,0.08194972781697624,-0.10375495044076966,0.07500156268516746,5.4044265593561365,5.329424996670969,0.18043259557344063,rain_mm_h_avg
DST,moderate,222,0.24318186329183797,0.05691807544729666,0.8591206006017432,6.22972972972973,5.370609129127987,1.0734234234234235,rain_mm_h_avg
DST,heavy,30,0.522345887299211,0.1501386163336167,1.9068774306464362,6.966666666666667,5.05978923602023,3.8699999999999997,rain_mm_h_avg
K,none/trace,2857,0.06048529853181444,-0.03810845685858167,0.04045653649379718,7.91739586979349,7.876939333299693,0.001015050752537627,rain_mm_h_avg
K,light,502,0.039803027400135346,-0.061090592621371745,-0.10181406266604504,7.663346613545817,7.765160676211862,0.18002988047808766,rain_mm_h_avg
K,moderate,227,-0.00832675152807238,-0.06264071407295166,-0.3530670282338378,7.392070484581498,7.745137512815336,1.0705947136563876,rain_mm_h_avg
K,heavy,30,0.015090535746368957,-0.11405503994264152,-0.8249221698807244,6.7,7.524922169880725,3.8699999999999997,rain_mm_h_avg
QB,none/trace,2862,0.04606066152305091,-0.0019404901736828502,0.18566189505773426,16.54877009084556,16.363108195787827,0.001013277428371768,rain_mm_h_avg
QB,light,504,0.02073471507770382,-0.07513579868167165,-0.2203632295400464,16.173015873015874,16.39337910255592,0.18060515873015875,rain_mm_h_avg
QB,moderate,227,-0.08150024935348293,-0.1337608340969027,-1.8623383262042872,14.417356828193833,16.27969515439812,1.0705947136563876,rain_mm_h_avg
QB,heavy,30,-0.16448272507497677,-0.2897054573386795,-3.660890111554228,12.847333333333333,16.50822344488756,3.8699999999999997,rain_mm_h_avg
RB,none/trace,2866,0.027291904978542288,-0.04666843426152673,-0.013679577597030519,22.60566643405443,22.619346011651462,0.0010118632240055827,rain_mm_h_avg
RB,light,505,0.03741067527164663,-0.05201481960353119,0.10932743158716779,22.35029702970297,22.240969598115804,0.18034653465346534,rain_mm_h_avg
RB,moderate,227,0.011896081629127635,-0.06671252364627285,-0.553789677917951,21.729251101321587,22.28304077923954,1.0705947136563876,rain_mm_h_avg
RB,heavy,30,-0.005700697046062489,-0.1095278126679107,-0.43236133861340137,22.35666666666667,22.789028005280066,3.8699999999999997,rain_mm_h_avg
TE,none/trace,2855,0.09602725103688307,-0.06187794419421523,0.25063996523375726,12.647110332749563,12.396470367515805,0.0010157618213660247,rain_mm_h_avg
TE,light,504,-0.01109331422444274,-0.14296466164426103,-0.7982234260719189,11.379484126984128,12.177707553056047,0.18020833333333333,rain_mm_h_avg
TE,moderate,226,-0.012028940187527261,-0.1657649875829384,-1.1792916696549562,11.487699115044249,12.666990784699205,1.0690265486725663,rain_mm_h_avg
TE,heavy,29,-0.10251856807392211,-0.20572131023478007,-1.4686502386407634,11.137931034482758,12.606581273123522,3.8241379310344823,rain_mm_h_avg
WR,none/trace,2866,0.02309792618914698,-0.02706915270074624,-0.024990841808233796,32.86954640614096,32.894537247949195,0.0010118632240055827,rain_mm_h_avg
WR,light,505,0.03874597078568202,-0.02351458716913644,0.11045705659737995,33.17992079207921,33.069463735481825,0.18034653465346534,rain_mm_h_avg
WR,moderate,227,-0.06145950416655641,-0.11242079704263477,-2.7896258727619965,29.856211453744496,32.64583732650649,1.0705947136563876,rain_mm_h_avg
WR,heavy,30,-0.15923855816072566,-0.17980034491826874,-5.626433575994822,26.482000000000003,32.10843357599482,3.8699999999999997,rain_mm_h_avg
DST,none/trace,3475,0.08644585692009148,-0.12360803339275098,-0.021101541836811975,5.270791366906475,5.2918929087432875,8.057553956834533e-05,snow_cm_h_avg
DST,light,31,0.1903387156706621,-0.10635798548078912,0.634373140046009,5.290322580645161,4.655949440599152,0.05137096774193549,snow_cm_h_avg
DST,moderate,38,0.03379568064928183,-0.1123671497507377,0.00911772374268891,4.7631578947368425,4.754040170994153,0.2413157894736842,snow_cm_h_avg
DST,heavy,10,0.36506378574747866,0.2197054937476787,1.5741833490232733,5.2,3.6258166509767262,0.7350000000000001,snow_cm_h_avg
DST,extreme,2,0.8953995960785153,0.8953995960785153,4.011394403537358,10.0,5.988605596462642,1.68,snow_cm_h_avg
K,none/trace,3535,0.05738789520677705,-0.04031256269494317,0.021943784415415307,7.876379066478076,7.854435282062661,7.920792079207921e-05,snow_cm_h_avg
K,light,31,-0.14198680233464425,-0.2878806026882511,-1.4890811796000705,6.516129032258065,8.005210211858135,0.05193548387096775,snow_cm_h_avg
K,moderate,38,-0.21202000238901944,-0.24663036156175183,-1.7911534638032975,5.868421052631579,7.659574516434875,0.2413157894736842,snow_cm_h_avg
K,heavy,10,0.11971497660565053,-0.13067179406738116,-0.3038976875862547,6.5,6.803897687586255,0.7350000000000001,snow_cm_h_avg
K,extreme,2,-0.12742361153811424,-0.12742361153811424,-0.3635840207910337,6.5,6.863584020791034,1.68,snow_cm_h_avg
QB,none/trace,3541,0.03532414460954225,-0.02043640798000473,0.007528020995846391,16.35932787348207,16.35179985248622,7.907370799209264e-05,snow_cm_h_avg
QB,light,32,-0.18545583447155686,-0.19963646819458064,-3.3806134991441548,14.605,17.985613499144154,0.05140625000000001,snow_cm_h_avg
QB,moderate,38,0.04969892213965234,-0.04760975691963301,-0.025086264430426736,16.725789473684213,16.750875738114637,0.2413157894736842,snow_cm_h_avg
QB,heavy,10,-0.05622504898195517,-0.3393302053586875,-1.15445701720366,13.690000000000001,14.844457017203661,0.7350000000000001,snow_cm_h_avg
QB,extreme,2,-0.8168232940710125,-0.8168232940710125,-9.127734790617174,1.8600000000000003,10.987734790617175,1.68,snow_cm_h_avg
RB,none/trace,3546,0.02618039168007728,-0.05376706984843684,-0.05982329255244281,22.47664410603497,22.536467398587416,7.896221094190638e-05,snow_cm_h_avg
RB,light,32,-0.028629009206594436,-0.06974415629535646,-1.105423033623332,23.243750000000002,24.349173033623334,0.05140625000000001,snow_cm_h_avg
RB,moderate,38,0.22195125322133538,0.15664640674638997,3.8769271808196866,26.00263157894737,22.12570439812768,0.2413157894736842,snow_cm_h_avg
RB,heavy,10,-0.04194826789611505,0.03579872529727626,-1.62772421573588,19.94,21.56772421573588,0.7350000000000001,snow_cm_h_avg
RB,extreme,2,-0.14691262363937752,-0.14691262363937752,-3.1077358671135586,22.25,25.35773586711356,1.68,snow_cm_h_avg
TE,none/trace,3534,0.07315768166852206,-0.08164904879769029,0.014897257879586043,12.401380871533673,12.386483613654086,7.92303338992643e-05,snow_cm_h_avg
TE,light,31,-0.12103485016731633,-0.21374862684674195,-2.3702983380346705,9.9,12.27029833803467,0.05193548387096775,snow_cm_h_avg
TE,moderate,38,0.29143458449869175,-0.07018816407276388,1.681869561903264,13.847368421052632,12.165498859149368,0.2413157894736842,snow_cm_h_avg
TE,heavy,9,-0.1672917310632131,-0.19892664303485624,-2.368069856704331,10.7,13.068069856704332,0.7544444444444446,snow_cm_h_avg
TE,extreme,2,-0.7404314540471711,-0.7404314540471711,-8.802177884919882,3.05,11.852177884919882,1.68,snow_cm_h_avg
WR,none/trace,3546,0.022585813774136286,-0.03019090229181501,-0.10030926751621254,32.813660462492955,32.913969730009164,7.896221094190638e-05,snow_cm_h_avg
WR,light,32,-0.22801897656252224,-0.3244125255433926,-8.925520656391493,25.196875,34.1223956563915,0.05140625000000001,snow_cm_h_avg
WR,moderate,38,-0.12355308691466241,-0.17838289902404758,-4.390711432282986,27.525263157894738,31.915974590177722,0.2413157894736842,snow_cm_h_avg
WR,heavy,10,0.014411044239346305,-0.05618711706529214,1.906478392719014,30.32,28.413521607280984,0.7350000000000001,snow_cm_h_avg
WR,extreme,2,-0.6024370092441296,-0.6024370092441296,-14.392722660479148,9.55,23.94272266047915,1.68,snow_cm_h_avg
