position,weather_variable,outcome,n,pearson_r,pearson_p,spearman_rho,spearman_p
DST,temperature_f_avg,fantasy_points,3556,-0.0012062468749542703,0.942676795370608,-0.007942666489688445,0.6358709998298147
DST,temperature_f_avg,residual_points,3556,0.006949067129917679,0.6786928468233536,0.004492339667242808,0.7888568940786879
DST,temperature_f_avg,residual_pct,3556,0.006237103700217955,0.7100379610788538,0.005357286601172919,0.7494559706034528
DST,wind_speed_mph_avg,fantasy_points,3556,0.033480566659322634,0.04589281777132349,0.03974532017790552,0.01777825590995727
DST,wind_speed_mph_avg,residual_points,3556,0.029152933626549044,0.08217347039239226,0.036684382784802384,0.02870328322763428
DST,wind_speed_mph_avg,residual_pct,3556,0.03217172462397008,0.05507387530569764,0.04155129038344774,0.013212332524508244
DST,wind_gust_mph_max,fantasy_points,3556,0.022802455709639055,0.1740010519771862,0.0335728450957786,0.0452972892841801
DST,wind_gust_mph_max,residual_points,3556,0.02018436373122269,0.22884572465984176,0.03480458479560597,0.037951957314888804
DST,wind_gust_mph_max,residual_pct,3556,0.019228623295895295,0.2516511600658535,0.03718499824109602,0.026595037136137853
DST,rain_mm_h_avg,fantasy_points,3556,0.0494458311958673,0.0031846230302991258,0.0463738767380623,0.005676727226258023
DST,rain_mm_h_avg,residual_points,3556,0.046736175327244944,0.005311242376305108,0.03977291362718641,0.017699217653532447
DST,rain_mm_h_avg,residual_pct,3556,0.046304963352375085,0.005748760510106065,0.038892991622008016,0.020376771064312137
DST,snow_cm_h_avg,fantasy_points,3556,0.01325308709832595,0.42948825409826874,0.0023241349111544365,0.889809902804553
DST,snow_cm_h_avg,residual_points,3556,0.02641612633895176,0.11526270219952982,0.02023541955109943,0.22767024048929593
DST,snow_cm_h_avg,residual_pct,3556,0.022892074740371145,0.17231471858550576,0.01626501902198974,0.3322249189287725
K,temperature_f_avg,fantasy_points,3616,0.058464885232882874,0.0004356764187706071,0.05632862037458587,0.0007021484069164404
K,temperature_f_avg,residual_points,3616,0.059789446993376905,0.0003215311565557048,0.057390107213519066,0.000555000580931098
K,temperature_f_avg,residual_pct,3616,0.06152920554484578,0.0002137583892028725,0.055659477383375594,0.0008127367360429068
K,wind_speed_mph_avg,fantasy_points,3616,-0.08333412200821404,5.217312111701505e-07,-0.07594216154018955,4.8385729199912135e-06
K,wind_speed_mph_avg,residual_points,3616,-0.07647101019838659,4.152546727553209e-06,-0.07104144406876634,1.9038854468714286e-05
K,wind_speed_mph_avg,residual_pct,3616,-0.06598716987724915,7.157905049281044e-05,-0.06746095242516545,4.9101146321253504e-05
K,wind_gust_mph_max,fantasy_points,3616,-0.07290880281336962,1.141015463150789e-05,-0.06225009922959795,0.00017993776306407473
K,wind_gust_mph_max,residual_points,3616,-0.06658039560856374,6.15590935305296e-05,-0.05606807577062391,0.0007434322983857094
K,wind_gust_mph_max,residual_pct,3616,-0.05578277655211018,0.0007912165666335873,-0.05227931938004058,0.001662085680017816
K,rain_mm_h_avg,fantasy_points,3616,-0.028645077119560852,0.08501924644899476,-0.02519308371819593,0.12985929296330934
K,rain_mm_h_avg,residual_points,3616,-0.019034556929938967,0.2524924157186364,-0.010840208650058126,0.5146269527694447
K,rain_mm_h_avg,residual_pct,3616,-0.013247595357182571,0.4258114151242438,-0.012078453536840013,0.4677828302193551
K,snow_cm_h_avg,fantasy_points,3616,-0.041312247738379715,0.012975582528326882,-0.058442277812172254,0.0004379183965506331
K,snow_cm_h_avg,residual_points,3616,-0.02700140519312816,0.10450069831095289,-0.049222136660856716,0.0030698549119407815
K,snow_cm_h_avg,residual_pct,3616,-0.025949185392670493,0.11872907533592567,-0.047959202369102796,0.003919083080055619
QB,temperature_f_avg,fantasy_points,3623,0.0634636522196382,0.00013210601680354244,0.060303313184520264,0.0002814606775133071
QB,temperature_f_avg,residual_points,3623,0.09303180549217725,2.0238718245173756e-08,0.08367357910841748,4.57009609795531e-07
QB,temperature_f_avg,residual_pct,3623,0.08821830129251529,1.0461531847034868e-07,0.08092108557765719,1.0767373969989287e-06
QB,wind_speed_mph_avg,fantasy_points,3623,-0.0880441299328495,1.1084832923491783e-07,-0.08216324711207819,7.338453907485344e-07
QB,wind_speed_mph_avg,residual_points,3623,-0.08356321667881707,4.732326662369088e-07,-0.06574179559438251,7.494757342744101e-05
QB,wind_speed_mph_avg,residual_pct,3623,-0.08356470717165378,4.730099130843186e-07,-0.0688169059921227,3.388229108612475e-05
QB,wind_gust_mph_max,fantasy_points,3623,-0.07381884984479704,8.675712182162382e-06,-0.07468241606797467,6.7963019067670124e-06
QB,wind_gust_mph_max,residual_points,3623,-0.07067953320864166,2.0612084232887492e-05,-0.05810026783226046,0.00046721122595819766
QB,wind_gust_mph_max,residual_pct,3623,-0.07117577984470475,1.8018539929306206e-05,-0.0605777478818924,0.00026393031693285876
QB,rain_mm_h_avg,fantasy_points,3623,-0.07187459023885137,1.4888081466994448e-05,-0.06536620334571232,8.239180610803443e-05
QB,rain_mm_h_avg,residual_points,3623,-0.0686290129626587,3.5600218978667886e-05,-0.06288032548721809,0.0001522965846116157
QB,rain_mm_h_avg,residual_pct,3623,-0.06109503205756006,0.0002336352480623611,-0.06539846035762403,8.172602260086937e-05
QB,snow_cm_h_avg,fantasy_points,3623,-0.04442526693921641,0.007485976791625809,-0.028690170631992057,0.08422875524916382
QB,snow_cm_h_avg,residual_points,3623,-0.031678774728387045,0.05657122658653858,-0.03410072135377948,0.040125225503226926
QB,snow_cm_h_avg,residual_pct,3623,-0.03809780364023559,0.021836501861888114,-0.03560889051711627,0.032090005742521806
RB,temperature_f_avg,fantasy_points,3628,-0.011676777527484685,0.4819887212246341,-0.020060708534131343,0.22703978116903953
RB,temperature_f_avg,residual_points,3628,0.003386603496703653,0.8384197833117236,-0.0073803922120397126,0.6567569175037059
RB,temperature_f_avg,residual_pct,3628,0.011700774249587584,0.48108870419614075,-0.004631840915906459,0.7803258036766313
RB,wind_speed_mph_avg,fantasy_points,3628,0.013527121003556556,0.415339120293543,0.007262386868547935,0.6619013988322234
RB,wind_speed_mph_avg,residual_points,3628,0.00188946545171778,0.9094210465213787,-0.00389864366812227,0.8144054840309455
RB,wind_speed_mph_avg,residual_pct,3628,0.007851181880017138,0.6363960932212158,0.0012911676474458805,0.9380317085038242
RB,wind_gust_mph_max,fantasy_points,3628,0.021962394104622092,0.18598109976229024,0.01317207004671801,0.4276888393037931
RB,wind_gust_mph_max,residual_points,3628,0.012554359842099584,0.4496764899817259,0.0034480290978378784,0.8355305461039452
RB,wind_gust_mph_max,residual_pct,3628,0.017610906216526126,0.28892977344429477,0.008758989408277887,0.5979106474900975
RB,rain_mm_h_avg,fantasy_points,3628,-0.012900274966716497,0.4372854552507145,-0.030694368251624103,0.06451433680286336
RB,rain_mm_h_avg,residual_points,3628,-0.012413376380169575,0.4547831812757487,-0.012187644633257532,0.46302721698565846
RB,rain_mm_h_avg,residual_pct,3628,-0.009921275380711284,0.550243171944635,-0.012993200035899077,0.4339905718825101
RB,snow_cm_h_avg,fantasy_points,3628,-0.00031745966120577993,0.9847494280624662,0.03280705574938187,0.04816447278823094
RB,snow_cm_h_avg,residual_points,3628,0.0010307621341091133,0.9505115507706251,0.024944572890722487,0.13304560023953538
RB,snow_cm_h_avg,residual_pct,3628,0.0004264424934529036,0.9795149611558271,0.025342870840031784,0.12696175149514638
TE,temperature_f_avg,fantasy_points,3614,0.01390732196203654,0.4032609774960598,0.014643987234988274,0.37881126641611096
TE,temperature_f_avg,residual_points,3614,0.038238954381607466,0.02151404652631075,0.03698203766086582,0.026200696763144703
TE,temperature_f_avg,residual_pct,3614,0.03622684647488186,0.02942133313229199,0.0339480199202646,0.041278652287970154
TE,wind_speed_mph_avg,fantasy_points,3614,-0.06825901167088153,4.0106132009317586e-05,-0.0541235402000691,0.0011339996130460728
TE,wind_speed_mph_avg,residual_points,3614,-0.0724785720572795,1.2923796554440698e-05,-0.05047628443147207,0.0024026034577001388
TE,wind_speed_mph_avg,residual_pct,3614,-0.07120912555827243,1.828984797297761e-05,-0.05051775168541801,0.0023827868934020407
TE,wind_gust_mph_max,fantasy_points,3614,-0.07398825414662726,8.488273654311553e-06,-0.06928183333138345,3.0653867045369725e-05
TE,wind_gust_mph_max,residual_points,3614,-0.07343490368372711,9.911582080012756e-06,-0.057683062367522096,0.0005216296957791678
TE,wind_gust_mph_max,residual_pct,3614,-0.07193538627545663,1.5004661062744622e-05,-0.05830684590391374,0.0004532270561053502
TE,rain_mm_h_avg,fantasy_points,3614,-0.037229505359863725,0.025213806258811575,-0.05861765775907099,0.0004223583543017867
TE,rain_mm_h_avg,residual_points,3614,-0.037047623343603925,0.025935946793096732,-0.055563065727588,0.0008327118801700652
TE,rain_mm_h_avg,residual_pct,3614,-0.03357052121663295,0.043589734758673095,-0.05689875491507368,0.0006212889273748059
TE,snow_cm_h_avg,fantasy_points,3614,-0.021909316235056098,0.18790064408084325,-0.024146911979520055,0.1466856090467086
TE,snow_cm_h_avg,residual_points,3614,-0.02647923225286845,0.1114816795343724,-0.023553244254894492,0.1568790533519484
TE,snow_cm_h_avg,residual_pct,3614,-0.02523737442364276,0.12929175321754807,-0.024292845344773554,0.14425918622587236
WR,temperature_f_avg,fantasy_points,3628,0.10492472806132988,2.369812399481936e-10,0.10300946767924075,5.004353571612793e-10
WR,temperature_f_avg,residual_points,3628,0.08695198551552778,1.558583197949638e-07,0.07700130062469812,3.4287655552140298e-06
WR,temperature_f_avg,residual_pct,3628,0.08928899073396299,7.162658097105908e-08,0.08196569744685923,7.66738210455649e-07
WR,wind_speed_mph_avg,fantasy_points,3628,-0.11193945220590358,1.3669153436441287e-11,-0.1002359065402651,1.4425343358417036e-09
WR,wind_speed_mph_avg,residual_points,3628,-0.10170394289008534,8.265875229854848e-10,-0.09015038061011459,5.351318550031869e-08
WR,wind_speed_mph_avg,residual_pct,3628,-0.10591221903278032,1.6034405689862883e-10,-0.0931056482931092,1.928499708224047e-08
WR,wind_gust_mph_max,fantasy_points,3628,-0.0959266169180909,7.068041503752245e-09,-0.0898001521061696,6.026710492016271e-08
WR,wind_gust_mph_max,residual_points,3628,-0.08818220335019192,1.0376503159122964e-07,-0.07958976391176231,1.587572740721975e-06
WR,wind_gust_mph_max,residual_pct,3628,-0.09168030646434058,3.16745586610105e-08,-0.08228460132975803,6.943106939426658e-07
WR,rain_mm_h_avg,fantasy_points,3628,-0.060929809887644605,0.00024054172198814954,-0.027692654508136724,0.09536468897056208
WR,rain_mm_h_avg,residual_points,3628,-0.05606821884756152,0.0007284415637202082,-0.030493779391452303,0.0662804436025148
WR,rain_mm_h_avg,residual_pct,3628,-0.057227106664262783,0.0005635175308079407,-0.027891295929717393,0.09301161950061095
WR,snow_cm_h_avg,fantasy_points,3628,-0.05742503318604409,0.0005390951250671849,-0.07178466313537293,1.5054386026495319e-05
WR,snow_cm_h_avg,residual_points,3628,-0.0343110539317745,0.03877658462168276,-0.06158415532541216,0.00020592393155977564
WR,snow_cm_h_avg,residual_pct,3628,-0.04667035281202201,0.004928761726619605,-0.06356342909464929,0.00012753866902439972
